,,,,
,Market Area Inputs,,,
,National Average,,Budget Category Input,Make and Model Input
,National Average,,$10K to $25K,Acura ILX
,,,,
,Market Areas,,Budget Categories,
,Anchorage,,$10K to $25K,
,Atlanta,,$25K to $40K,
,Boston / Worcester / Lawrence,,$40K to $100K,
,Chicago,,,
,Dallas / Fort Worth,,,
,Denver / Boulder,,,
,Honolulu,,,
,Houston,,,
,Las Vegas,,,
,Los Angeles / Riverside / Orange County,,,
,Miami / Fort Lauderdale,,,
,National Average,,,
,New York / New Jersey / Long Island,,,
,Orlando,,,
,Phoenix,,,
,San Diego,,,
,San Francisco / Oakland / San Jose,,,
,Seattle / Tacoma,,,
,US: Other,,,
,Washington DC / Baltimore,,,
,,,,
,Search Dropdown Inputs,,,
,Market,National Average,,
,Make Model,,,
